message,action
متاح حجز الارباح لو ما لحقت واستمر ❤️🤝🏻,close half position and keep going with the remaining lot
"الذهب 4802
امن دخولك واحجز نصف أرباحك واستمر للهدف 💪🏻","move sl to entry, close half position and keep going"
"GOLD🔻SELL🔻@ 📝 4808-4806
TP1 🔽 4795
TP2 🔽 4780
TP3 🔽 4760
🥶
SL 👀 4820
📨#FXENGIN #مهندس_الفوركس",sell order with all tp and sl and entry details
متاح حجز الارباح لو ما لحقت 🤝🏻❤️‍🔥,close half position
امن دخولك واحجز نصف أرباحك واستمر للهدف 💪🏻🚀,close half position and keep going with the remaining lot
ثبات للنهاية وستوبك 26 ❤️,"keep going and move sl to mentioned price, if only two digits are mentioned complete the price for example here it says 26 but the price is 4826"
"GOLD🔻SELL🔻@ 📝 4817 - 4819
TP1 🔽 4802
TP2 🔽 4795
TP3 🔽 4780
🥶
SL 👀 4826
📨#FXENGIN #مهندس_الفوركس",buy order with all tp and sl and entry details
"طلعنا تأمين دخول مع حجز ارباح ❤️🤗 
ننتظر إشارة أخرى وندخل أن شاءالله 👌🏻❤️","close half position and move sl to entry and we are waiting another entry, we do not open more than one position anw so stick to the first part of the message"
متاح حجز الارباح لو ما لحقت 🤝🏻❤️‍🔥,reminder to close half position
على الدخول ومتاحة لو مش داخل 🤝🏻❤️,if no trades are open you can open the last trade sent
"خرجنا 🤝🏻 
افتتاح مش موفق الحمدلله ❤️
لا معاندة مع السوق الصبح بكون السيولة أوضح بندخل وبنعمل ارباح أن شاء الله ❤️🫡 
معاكم لنهاية اليوم حتى نقفل يومنا بربح أن شاء الله ❤️ 
صباح مش موفق بين صباحات كثير ارباح 🔥❤️‍🔥 
نلقاكم بالصباح أن شاءالله ❤️",exit the trade
على الدخول من جديد ومكملين ❤️‍🔥,
"اثبت وكمل
معاك ومتابع وستوبك 35 
مكملين أن شاءالله ❤️",hold and move stop loss
"خرجنا 🤝🏻❤️
خليك متابع في فرصة دخول أخرى قريبة",exit the trade
ستوبك ثابت 4806 وكمل 🤝🏻❤️,move the sl to the mentioned price
"احجز نصف أرباحك وأمن دخولك ولو بدك تنام نام
الذهب 4840 معاك صفقتين حجز ارباح عوضت الستوب بربح 🤝🏻❤️",move sl to entry and close half position
امن دخولك واحجز نصف أرباحك واستمر للهدف 💪🏻🚀,move sl to entry and close half position
متاحة للدخول لو مش داخل ✅🤝🏻,"if no trades are open, open the last sent trade"
عزز شراء,"this means open another buy trade position, but since we open a single trade we should close the current one if it was partially closed and if it was in profit"
"خرجنا ✅ 
خليك متابع وصل لمناطق ارتكاز قوية أن شاءالله 👌🏻❤️",exit the trade
عزز شراء الذهب ✅,"this means open another buy trade position, but since we open a single trade we should close the current one if it was partially closed and if it was in profit"
امن دخولك واحجز نصف أرباحك واستمر للهدف 💪🏻🚀,move sl to entry and close half position
"نمسكوا مرة ثانية وين المشكلة 😂❤️
بعون الله لسا هيطير ❤️‍🔥❤️‍🔥🫡","if no trades are open, open the last sent trade"
امن دخولك واحجز نصف أرباحك واستمر للهدف 💪🏻🚀,move sl to entry and close half position
"ستوبك صغير عشان لو لسمح الله عكس نكون خسارة بسيطة ❤️
قول يا رب ❤️","tighten your SL, basically reduce it to half"
"لحظات 
ارفع ستوبك ل 56 يلا 🤝🏻",move your sl
معلش خلي للأمان 53 ✅,for safety move you sl
ارفع ستوبك خلي 56 ✅,move your sl